"Variable","Data_Type","Unique_Values","Missing_Values"
"Time","factor",1074,0
"Day_of_week","factor",7,0
"Age_band_of_driver","factor",5,0
"Sex_of_driver","factor",3,0
"Educational_level","factor",8,0
"Vehicle_driver_relation","factor",5,0
"Driving_experience","factor",8,0
"Type_of_vehicle","factor",18,0
"Owner_of_vehicle","factor",5,0
"Service_year_of_vehicle","factor",7,0
"Defect_of_vehicle","factor",4,0
"Area_accident_occured","factor",15,0
"Lanes_or_Medians","factor",8,0
"Road_allignment","factor",10,0
"Types_of_Junction","factor",9,0
"Road_surface_type","factor",6,0
"Road_surface_conditions","factor",4,0
"Light_conditions","factor",4,0
"Weather_conditions","factor",9,0
"Type_of_collision","factor",11,0
"Number_of_vehicles_involved","integer",6,0
"Number_of_casualties","integer",8,0
"Vehicle_movement","factor",14,0
"Casualty_class","factor",4,0
"Sex_of_casualty","factor",3,0
"Age_band_of_casualty","factor",6,0
"Casualty_severity","factor",4,0
"Work_of_casuality","factor",8,0
"Fitness_of_casuality","factor",6,0
"Pedestrian_movement","factor",9,0
"Cause_of_accident","factor",20,0
"Accident_severity","factor",3,0
