"Variable","Missing_Values"
"Time",0
"Day_of_week",0
"Age_band_of_driver",0
"Sex_of_driver",0
"Educational_level",0
"Vehicle_driver_relation",0
"Driving_experience",0
"Type_of_vehicle",0
"Owner_of_vehicle",0
"Service_year_of_vehicle",0
"Defect_of_vehicle",0
"Area_accident_occured",0
"Lanes_or_Medians",0
"Road_allignment",0
"Types_of_Junction",0
"Road_surface_type",0
"Road_surface_conditions",0
"Light_conditions",0
"Weather_conditions",0
"Type_of_collision",0
"Number_of_vehicles_involved",0
"Number_of_casualties",0
"Vehicle_movement",0
"Casualty_class",0
"Sex_of_casualty",0
"Age_band_of_casualty",0
"Casualty_severity",0
"Work_of_casuality",0
"Fitness_of_casuality",0
"Pedestrian_movement",0
"Cause_of_accident",0
"Accident_severity",0
