"Feature","Importance"
"Cause_of_accident",315.005394162537
"Day_of_week",230.957138569477
"Driving_experience",199.972089565158
"Vehicle_movement",187.236676903535
"Types_of_Junction",160.961434011931
"Age_band_of_driver",144.468748438587
"Type_of_collision",126.125801453131
"Number_of_casualties",110.545941136103
"Number_of_vehicles_involved",108.868015906374
"Weather_conditions",79.061406722805
"Light_conditions",76.7073579045464
"Road_surface_conditions",43.4421534969151
"Sex_of_driver",30.9906041938078
