"ntree","mtry","nodesize","OOB_Error"
700,5,5,0.148091758018676
300,4,5,0.148294762484775
500,4,3,0.148497766950873
700,3,3,0.148497766950873
300,5,5,0.148700771416971
500,5,3,0.148700771416971
700,5,3,0.148903775883069
500,3,5,0.149005278116119
500,5,5,0.149005278116119
700,3,5,0.149005278116119
300,2,3,0.149106780349168
700,4,5,0.149106780349168
300,4,3,0.149208282582217
500,3,3,0.149208282582217
500,4,5,0.149208282582217
700,4,3,0.149208282582217
300,3,3,0.149411287048315
700,4,1,0.149411287048315
300,3,5,0.149614291514413
300,4,1,0.149614291514413
300,2,5,0.149715793747462
500,2,1,0.149715793747462
500,3,1,0.149715793747462
500,5,1,0.149817295980512
700,2,5,0.149817295980512
300,5,3,0.149918798213561
700,2,1,0.149918798213561
700,3,1,0.149918798213561
300,3,1,0.15002030044661
500,2,5,0.150121802679659
500,4,1,0.150121802679659
700,2,3,0.150121802679659
300,2,1,0.150223304912708
500,2,3,0.150223304912708
700,5,1,0.151035322777101
300,5,1,0.15113682501015
